{"cameraMode":{"drawMode":0,"name":"Shaded","section":"Shading Mode"},"sceneLighting":false,"audioPlay":false,"sceneViewState":{"showFog":true,"showMaterialUpdate":true,"showSkybox":true,"showFlares":true,"showImageEffects":true,"showParticleSystems":true},"in2DMode":false,"pivot":{"x":467.86468505859377,"y":228.48272705078126,"z":24.027660369873048},"rotation":{"x":-0.026673702523112298,"y":-0.02072850614786148,"z":-0.0011735557345673442,"w":0.999643862247467},"size":530.6568603515625,"orthographic":false}