{"cameraMode":{"drawMode":0,"name":"Shaded","section":"Shading Mode"},"sceneLighting":false,"audioPlay":false,"sceneViewState":{"showFog":true,"showMaterialUpdate":true,"showSkybox":false,"showFlares":true,"showImageEffects":true,"showParticleSystems":true},"in2DMode":false,"pivot":{"x":528.2360229492188,"y":207.49200439453126,"z":1.833858609199524},"rotation":{"x":0.03948439285159111,"y":-0.07958775013685227,"z":0.0029596916865557434,"w":0.9961209893226624},"size":1887.5753173828125,"orthographic":false}