{"cameraMode":{"drawMode":0,"name":"Shaded","section":"Shading Mode"},"sceneLighting":false,"audioPlay":false,"sceneViewState":{"showFog":true,"showMaterialUpdate":true,"showSkybox":false,"showFlares":true,"showImageEffects":true,"showParticleSystems":true},"in2DMode":false,"pivot":{"x":2.194246768951416,"y":-2.2215442657470705,"z":6.990487098693848},"rotation":{"x":0.002089749788865447,"y":0.997738778591156,"z":-0.04284164309501648,"w":0.05325522646307945},"size":22.0,"orthographic":false}