{"cameraMode":{"drawMode":0,"name":"Shaded","section":"Shading Mode"},"sceneLighting":false,"audioPlay":false,"sceneViewState":{"showFog":true,"showMaterialUpdate":true,"showSkybox":false,"showFlares":true,"showImageEffects":true,"showParticleSystems":true},"in2DMode":false,"pivot":{"x":15.079577445983887,"y":7.11810827255249,"z":-1.1246528625488282},"rotation":{"x":0.02053103595972061,"y":0.9341088533401489,"z":-0.054423343390226367,"w":0.35223475098609927},"size":22.0,"orthographic":false}